{
  "pages/account/recent-items": "{{#partial \"page\"}}\n<div class=\"account\">\n    {{> components/common/breadcrumbs breadcrumbs=breadcrumbs}}\n    <h2 class=\"page-heading\">{{lang 'account.recent_items.heading' }}</h2>\n    {{> components/account/navigation account_page='recent_items'}}\n\n    {{#unless customer.recently_viewed_products.items}}\n        {{> components/common/alert/alert-info (lang 'account.recent_items.no_items')}}\n    {{/unless}}\n\n    <form action=\"{{urls.compare}}\" method=\"post\">\n        {{> components/products/grid products=customer.recently_viewed_products.items show_compare=customer.recently_viewed_products.show_compare}}\n    </form>\n</div>\n{{/partial}}\n{{> layout/base}}\n",
  "components/common/breadcrumbs": "<nav aria-label=\"Breadcrumb\">\n    <ol class=\"breadcrumbs\" itemscope itemtype=\"http://schema.org/BreadcrumbList\">\n        {{#unless theme_settings.hide_breadcrumbs }}\n            {{#each breadcrumbs}}\n                <li class=\"breadcrumb {{#if @last}}is-active{{/if}}\" itemprop=\"itemListElement\" itemscope itemtype=\"http://schema.org/ListItem\">\n                    <a class=\"breadcrumb-label\"\n                       itemprop=\"item\"\n                       href=\"{{url}}\"\n                       {{#if @last}}aria-current=\"page\"{{/if}}\n                    >\n                        <span itemprop=\"name\">{{name}}</span>\n                    </a>\n                    <meta itemprop=\"position\" content=\"{{add @index 1}}\" />\n                </li>\n            {{/each}}\n        {{/unless}}\n    </ol>\n</nav>\n",
  "components/account/navigation": "<nav class=\"navBar navBar--sub navBar--account\">\n    <ul class=\"navBar-section\">\n        {{#if account_page '===' 'orders'}}\n            {{#if page_type '===' 'account_order'}}\n                <li class=\"navBar-item is-active\">\n                    <a class=\"navBar-action\" href=\"{{urls.account.orders.all}}\">{{lang 'account.nav.orders'}}</a>\n                </li>\n            {{else}}\n                <li class=\"navBar-item is-active\">{{lang 'account.nav.orders'}}</li>\n            {{/if}}\n        {{else}}\n            <li class=\"navBar-item\">\n                <a class=\"navBar-action\" href=\"{{urls.account.orders.all}}\">{{lang 'account.nav.orders'}}</a>\n            </li>\n        {{/if}}\n        {{#if settings.returns_enabled}}\n            {{#if account_page '===' 'returns'}}\n                <li class=\"navBar-item is-active\">{{lang 'account.nav.returns'}}</li>\n            {{else}}\n                <li class=\"navBar-item\">\n                    <a class=\"navBar-action\" href=\"{{urls.account.returns}}\">{{lang 'account.nav.returns'}}</a>\n                </li>\n            {{/if}}\n        {{/if}}\n        {{#if account_page '===' 'messages'}}\n            <li class=\"navBar-item is-active\">{{lang 'account.nav.messages' num_new_messages=customer.num_new_messages}}</li>\n        {{else}}\n            <li class=\"navBar-item\">\n                <a class=\"navBar-action\" href=\"{{urls.account.inbox}}\">{{lang 'account.nav.messages' num_new_messages=customer.num_new_messages}}</a>\n            </li>\n        {{/if}}\n        {{#if account_page '===' 'addresses'}}\n            <li class=\"navBar-item is-active\">{{lang 'account.nav.addresses'}}</li>\n        {{else}}\n            <li class=\"navBar-item\">\n                <a class=\"navBar-action\" href=\"{{urls.account.addresses}}\">{{lang 'account.nav.addresses'}}</a>\n            </li>\n        {{/if}}\n        {{#if settings.show_payment_methods}}\n            {{#if account_page '===' 'payment_methods'}}\n                <li class=\"navBar-item is-active\">{{lang 'account.nav.payment_methods'}}</li>\n            {{else}}\n                <li class=\"navBar-item\">\n                    <a class=\"navBar-action\" href=\"{{urls.account.payment_methods.all}}\">{{lang 'account.nav.payment_methods'}}</a>\n                </li>\n            {{/if}}\n        {{/if}}\n        {{#if settings.show_wishlist}}\n            {{#if account_page '===' 'wishlists'}}\n                <li class=\"navBar-item is-active\">{{lang 'account.nav.wishlists' num_wishlists=customer.num_wishlists}}</li>\n            {{else}}\n                <li class=\"navBar-item\">\n                    <a class=\"navBar-action\" href=\"{{urls.account.wishlists.all}}\">{{lang 'account.nav.wishlists' num_wishlists=customer.num_wishlists}}</a>\n                </li>\n            {{/if}}\n        {{/if}}\n        {{#if account_page '===' 'recent_items'}}\n            <li class=\"navBar-item is-active\">{{lang 'account.nav.recently_viewed'}}</li>\n        {{else}}\n            <li class=\"navBar-item\">\n                <a class=\"navBar-action\" href=\"{{urls.account.recent_items}}\">{{lang 'account.nav.recently_viewed'}}</a>\n            </li>\n        {{/if}}\n        {{#if account_page '===' 'settings'}}\n            <li class=\"navBar-item is-active\">{{lang 'account.nav.settings'}}</li>\n        {{else}}\n            <li class=\"navBar-item\">\n                <a class=\"navBar-action\" href=\"{{urls.account.details}}\">{{lang 'account.nav.settings'}}</a>\n            </li>\n        {{/if}}\n    </ul>\n</nav>\n",
  "components/common/alert/alert-info": "<div class=\"alertBox alertBox--info\">\n    <div class=\"alertBox-column alertBox-icon\">\n        <icon glyph=\"ic-success\" class=\"icon\" aria-hidden=\"true\"><svg xmlns=\"http://www.w3.org/2000/svg\" width=\"24\" height=\"24\" viewBox=\"0 0 24 24\"><path d=\"M12 2C6.48 2 2 6.48 2 12s4.48 10 10 10 10-4.48 10-10S17.52 2 12 2zm1 15h-2v-2h2v2zm0-4h-2V7h2v6z\"></path></svg></icon>\n    </div>\n    <p class=\"alertBox-column alertBox-message\">\n        <span>{{{this}}}</span>\n    </p>\n</div>\n",
  "components/products/grid": "<ul class=\"productGrid\">\n    {{#each products}}\n    <li class=\"product\">\n            {{>components/products/card settings=../settings show_compare=../show_compare show_rating=../settings.show_product_rating theme_settings=../theme_settings customer=../customer event=../event position=(add @index 1)}}\n    </li>\n    {{/each}}\n</ul>\n",
  "layout/base": "<!DOCTYPE html>\n<html class=\"no-js\" lang=\"{{ locale_name }}\">\n    <head>\n        <title>{{ head.title }}</title>\n        {{{ resourceHints }}}\n        {{{ head.meta_tags }}}\n        {{{ head.config }}}\n        {{#block \"head\"}} {{/block}}\n\n        <link href=\"{{ head.favicon }}\" rel=\"shortcut icon\">\n        <meta name=\"viewport\" content=\"width=device-width, initial-scale=1, maximum-scale=1\">\n        <link href=\"https://fonts.googleapis.com/css?family=Quicksand&display=swap\" rel=\"stylesheet\">\n            \n        <style>\n            .notAtHome {\n                position: relative !important;\n            }\n\n        </style>\n        \n        <script>\n            {{!-- Change document class from no-js to js so we can detect this in css --}}\n            document.documentElement.className = document.documentElement.className.replace('no-js', 'js');\n        </script>\n\n        {{> components/common/polyfill-script }}\n\n        {{!-- Load Lazysizes script ASAP so images will appear --}}\n        <script>\n            {{!-- Only load visible elements until the onload event fires, after which preload nearby elements. --}}\n            window.lazySizesConfig = window.lazySizesConfig || {};\n            window.lazySizesConfig.loadMode = 1;\n        </script>\n        <script async src=\"{{cdn 'assets/dist/theme-bundle.head_async.js'}}\"></script>\n\n        {{ getFontsCollection }}\n        {{{stylesheet '/assets/css/theme.css'}}}\n        {{{stylesheet '/assets/css/mystyles.css'}}}\n\n        {{{head.scripts}}}\n\n        {{~inject 'showAdminBar' theme_settings.show-admin-bar}}\n        {{~inject 'genericError' (lang 'common.generic_error')}}\n        {{~inject 'maintenanceModeSettings' settings.maintenance}}\n        {{~inject 'adminBarLanguage' (langJson 'admin')}}\n        {{~inject 'urls' urls}}\n        {{~inject 'secureBaseUrl' settings.secure_base_url}}\n        {{~inject 'cartId' cart_id}}\n        {{~inject 'channelId' settings.channel_id}}\n        {{~inject 'template' template}}\n    </head>\n    <body>\n        <svg data-src=\"{{cdn 'img/icon-sprite.svg'}}\" class=\"icons-svg-sprite\"></svg>\n\n        {{> components/common/header }}\n        {{> components/common/body }}\n        {{> components/common/footer }}\n\n        <script>window.__webpack_public_path__ = \"{{cdn 'assets/dist/'}}\";</script>\n        <script src=\"{{cdn 'assets/dist/theme-bundle.main.js'}}\"></script>\n        <script>\n            {{!-- Exported in app.js --}}\n            window.stencilBootstrap(\"{{page_type}}\", {{jsContext}}).load();\n        </script>\n\n        {{{footer.scripts}}}\n\n<script type=\"text/javascript\"> \n\n//\n//  STICKY HEADER (IF AT HOME)\n//\n//window.onload = loadIt;\nfunction loadIt() {\nvar atHome = document.getElementById(\"atHome\");\nif(atHome == null) {document.getElementsByClassName(\"myHeader\")[0].classList.add('notAtHome');}\n}\nloadIt();\n\n\n//\n//  DROP DOWN MENU TOGGLE\n//\nfunction dropIt() {\n    var openDropdown=document.getElementById(\"dropMenu\");\n    openDropdown.classList.toggle('show');\n}\n\n//\n//  MODAL - COMMING SOON POPUP\n//\nfunction openModal() {\n\n  var modalContainer = document.getElementById(\"modalDisplay\");\n  var modal = document.querySelector(\".modalPops\");\n  modalContainer.classList.add(\"show\");\n  modalContainer.addEventListener(\"click\", function(e){\n\n    if(e.target.id == 'modalDisplay' || e.target.id == 'closeIt') {\n      \n      //closes the modal when a user clilcks outise the modal content--in the modalContainer!\n      modalContainer.classList.remove(\"show\");\n    }\n  });\n}\n\n//\n//   SCROLLABLE HEADER BELOW\n//\nwindow.onscroll = function() {rollingHeader()};\nvar header = document.getElementById(\"myHeader\");\nvar sticky = header.offsetTop;\n\n//console.log(sticky, window.pageYOffset);\n//var heroScroll = document.getElementById(\"heroScroll\");//12/18/2019 added jacky; hero effect\n\nfunction rollingHeader() {\n  if (window.pageYOffset > sticky) {\n    header.classList.add(\"sticky\");\n    //heroScroll.classList.add(\"heroScroll\");//12/18/2019 added jacky; hero effect\n    //document.getElementById(\"magic\").style.marginTop = \"700px\"; //400px \n\n  } else {\n    header.classList.remove(\"sticky\");\n    //heroScroll.classList.remove(\"heroScroll\");//12/18/2019 added jacky; hero effect\n    //document.getElementById(\"magic\").style.marginTop = \"0px\";\n  }\n}\n</script>\n\n<!-- BEGIN ROBLY WIDGET CODE -->\n<script type='text/javascript'>\n  var _d_site = _d_site || 'd8198a11947829e5a4bc2367da4028a1';\n  (function(w, d, p, s, s2) {\n    w[p] = w[p] || function() { (w[p].q = w[p].q || []).push(arguments) };\n    s = d.createElement('script'); s.async = 1; s.src = '//s3.amazonaws.com/roblyimages/accounts/14428/forms/30235/signup_popup.js';\n    s2 = d.getElementsByTagName('script')[0]; s2.parentNode.insertBefore(s, s2);\n  })(window, document, 'Robly');\n</script>\n<!-- END ROBLY WIDGET CODE -->\n\n    </body>\n</html>\n",
  "components/products/card": "<article class=\"card {{#if alternate}}card--alternate{{/if}}\" {{#if settings.data_tag_enabled}} data-event-type=\"{{event}}\" data-entity-id=\"{{id}}\" data-position=\"{{position}}\" data-name=\"{{name}}\" data-product-category=\"{{#each category}}{{#if @last}}{{this}}{{else}}{{this}}, {{/if}}{{/each}}\" data-product-brand=\"{{brand.name}}\" data-product-price=\"{{#if price.with_tax}}{{price.with_tax.value}}{{else}}{{price.without_tax.value}}{{/if}}\"  {{/if}}>\n    <figure class=\"card-figure\">\n        {{#or price.sale_price_with_tax.value price.sale_price_without_tax.value}}\n            {{#if theme_settings.product_sale_badges '===' 'sash'}}\n                <div class=\"sale-flag-sash\">\n                    <span class=\"sale-text\">{{{theme_settings.pdp_sale_badge_label}}}</span>\n                </div>\n            {{else if theme_settings.product_sale_badges '===' 'topleft'}}\n                <div class=\"sale-flag-side\">\n                    <span class=\"sale-text\">{{{theme_settings.pdp_sale_badge_label}}}</span>\n                </div>\n            {{else if theme_settings.product_sale_badges '===' 'burst'}}\n                <div class=\"starwrap\">\n                    <div class=\"sale-text-burst\">{{{theme_settings.pdp_sale_badge_label}}}</div>\n                    <div class=\"sale-flag-star\"></div>\n                </div>\n            {{/if}}\n        {{/or}}\n        <a href=\"{{url}}\" \n           class=\"card-figure__link\"\n           aria-label=\"{{name}},{{> components/products/product-aria-label}}\"\n           {{#if settings.data_tag_enabled}} data-event-type=\"product-click\" {{/if}}\n        >\n            <div class=\"card-img-container\">\n                {{> components/common/responsive-img\n                    image=image\n                    class=\"card-image\"\n                    fallback_size=theme_settings.productgallery_size\n                    lazyload=theme_settings.lazyload_mode\n                    default_image=theme_settings.default_image_product\n                }}\n            </div>\n        </a>\n\n        <figcaption class=\"card-figcaption\">\n            <div class=\"card-figcaption-body\">\n                {{#unless hide_product_quick_view}}\n                    {{#if theme_settings.show_product_quick_view}}\n                        {{#if settings.data_tag_enabled}}\n                            <button class=\"button button--small card-figcaption-button quickview\" data-event-type=\"product-click\" data-product-id=\"{{id}}\">{{lang 'products.quick_view'}}</button>\n                        {{else}}\n                            <button class=\"button button--small card-figcaption-button quickview\" data-product-id=\"{{id}}\">{{lang 'products.quick_view'}}</button>\n                        {{/if}}\n                    {{/if}}\n                {{/unless}}\n                {{#if show_compare}}\n                    <label class=\"button button--small card-figcaption-button\" for=\"compare-{{id}}\">\n                        {{lang 'products.compare'}} <input type=\"checkbox\" name=\"products[]\" value=\"{{id}}\" id=\"compare-{{id}}\" data-compare-id=\"{{id}}\">\n                    </label>\n                {{/if}}\n                {{#or customer (if theme_settings.restrict_to_login '!==' true)}}\n                    {{#if show_cart_action}}\n                        {{#if has_options}}\n                            <a href=\"{{url}}\" data-event-type=\"product-click\" class=\"button button--small card-figcaption-button\" data-product-id=\"{{id}}\">{{lang 'products.choose_options'}}</a>\n                        {{/if}}\n                        {{#if pre_order}}\n                            <a href=\"{{pre_order_add_to_cart_url}}\" data-event-type=\"product-click\" class=\"button button--small card-figcaption-button\">{{lang 'products.pre_order'}}</a>\n                        {{/if}}\n                        {{#if add_to_cart_url }}\n                            <a href=\"{{add_to_cart_url}}\" data-event-type=\"product-click\" data-button-type=\"add-cart\" class=\"button button--small card-figcaption-button\">{{lang 'products.add_to_cart'}}</a>\n                            <span class=\"product-status-message aria-description--hidden\">{{lang 'category.add_cart_announcement'}}</span>\n                        {{/if}}\n                        {{#if out_of_stock_message }}\n                            <a href=\"{{url}}\" data-event-type=\"product-click\" class=\"button button--small card-figcaption-button\" data-product-id=\"{{id}}\">{{out_of_stock_message}}</a>\n                        {{/if}}\n                    {{/if}}\n                {{/or}}\n            </div>\n        </figcaption>\n    </figure>\n    <div class=\"card-body\">\n        {{#and rating show_rating}}\n            <p class=\"card-text\" data-test-info-type=\"productRating\">\n                <span class=\"rating--small\">\n                    {{> components/products/ratings rating=rating}}\n                </span>\n            </p>\n        {{/and}}\n        {{#if brand.name}}\n            <p class=\"card-text\" data-test-info-type=\"brandName\">{{brand.name}}</p>\n        {{/if}}\n        <h3 class=\"card-title\">\n            <a aria-label=\"{{name}},{{> components/products/product-aria-label}}\"\n               href=\"{{url}}\" \n               {{#if settings.data_tag_enabled}} data-event-type=\"product-click\" {{/if}}>{{name}}</a>\n        </h3>\n\n        <div class=\"card-text\" data-test-info-type=\"price\">\n            {{#or customer (if theme_settings.restrict_to_login '!==' true)}}\n                {{> components/products/price price=price}}\n            {{else}}\n                {{> components/common/login-for-pricing}}\n            {{/or}}\n        </div>\n        {{> components/products/bulk-discount-rates}}\n    </div>\n</article>\n",
  "components/common/polyfill-script": "<script>\n    {{!--\n        Check for modern browser features, and load polyfills if browser does not appear to support features\n        we need.\n\n            Polyfill approach is all or nothing - please import needed polyfills in /assets/js/polyfills.js\n\n        Inspired by https://philipwalton.com/articles/loading-polyfills-only-when-needed/\n            --}}\n    function browserSupportsAllFeatures() {\n        return window.Promise\n            && window.fetch\n            && window.URL\n            && window.URLSearchParams\n            && window.WeakMap\n            // object-fit support\n            && ('objectFit' in document.documentElement.style);\n    }\n\n    function loadScript(src) {\n        var js = document.createElement('script');\n        js.src = src;\n        js.onerror = function () {\n            console.error('Failed to load polyfill script ' + src);\n        };\n        document.head.appendChild(js);\n    }\n\n    if (!browserSupportsAllFeatures()) {\n        loadScript('{{cdn 'assets/dist/theme-bundle.polyfills.js'}}');\n    }\n</script>\n",
  "components/common/header": "<a href=\"#main-content\" class=\"skip-to-main-link\">{{lang 'header.skip_to_main'}}</a>\n{{#if banners.top}}\n<div class=\"banners\" data-banner-location=\"top\">\n    {{#each (limit banners.top_metadata 1)}}\n    <div class=\"banner\" data-event-type=\"promotion\" data-entity-id=\"{{this.id}}\" data-name=\"{{this.banner-name}}\" data-position=\"{{this.location}}\" data-banner-id=\"{{this.banner-name}}\">\n        <div data-event-type=\"promotion-click\">\n            {{{this.content}}}\n        </div>\n    </div>\n    {{/each}}\n</div>\n{{/if}}\n\n\n\n        <link rel=\"stylesheet\" href=\"https://cdnjs.cloudflare.com/ajax/libs/font-awesome/4.7.0/css/font-awesome.min.css\">\n       <!-- <link rel=\"stylesheet\" type=\"text/css\" href=\"{{cdn 'scss/mypage.css'}}\">\n            placehold.it to find display smaple images-->\n\n<header class=\"grid\" role=\"banner\">\n    <div class=\"row myHeader\" id=\"myHeader\">\n      <div class=\"col-5 header-cols\">\n          \n          <nav class=\"navbar mobile-dev\">  \n        <div class=\"drop\">       \n              <i class=\"hamburger fa fa-bars fa-lg\" onclick=\"dropIt();\"></i><!--<i class=\"fa fa-bars\" aria-hidden=\"true\"></i>-->\n\n            <div id=\"dropMenu\" class=\"dropdown-content\">\n              <label><br/><strong>Shop:</strong>\n              <a href=\"https://otkstore.mybigcommerce.com/shop-all/\">Products</a>\n              <a href=\"javascript:openModal()\">Curated Experience</a>\n              <a href=\"https://otkstore.mybigcommerce.com/giftcertificates.php\">Gift Cards</a>\n              </label>\n              <label><br/><strong>Learn:</strong>\n              <a href=\"https://otkstore.mybigcommerce.com/pages.php?pageid=5\">Our Story</a>\n              <a href=\"https://otkstore.mybigcommerce.com/blog/\">Vibes (Blog)</a>\n              <a href=\"https://otkstore.mybigcommerce.com/your-first-blog-post/\">CBD 101: What's CBD?</a>\n              <a href=\"https://otkstore.mybigcommerce.com/contact-us/\">Contact Us</a> \n              </label>\n            </div>\n            \n          </div>\n        </nav>\n          \n        <nav class=\"navbar\">\n          <!-- <a href=\"\">Our Story</a>-->\n          <dv class=\"drop\">\n            \n            <button class=\"dropbtn\">Shop\n              <i class=\"fa fa-caret-down\"></i>\n            </button>\n\n            <div class=\"dropdown-content\">\n              <a href=\"https://otkstore.mybigcommerce.com/shop-all/\">Products</a>\n              <a href=\"javascript:openModal()\">Curated Experience</a>\n              <a href=\"https://otkstore.mybigcommerce.com/giftcertificates.php\">Gift Cards</a>\n            </div>\n\n          </dv>\n          \n          <dv class=\"drop\">\n            \n            <button class=\"dropbtn\">Learn\n              <i class=\"fa fa-caret-down\"></i>\n            </button>\n\n            <div class=\"dropdown-content\">\n              <a href=\"https://otkstore.mybigcommerce.com/pages.php?pageid=5\">Our Story</a>\n              <a href=\"https://otkstore.mybigcommerce.com/blog/\">Vibes (Blog)</a>\n              <a href=\"https://otkstore.mybigcommerce.com/your-first-blog-post/\">CBD 101: What's CBD?</a>\n              <a href=\"https://otkstore.mybigcommerce.com/contact-us/\">Contact Us</a>\n            </div>\n\n          </dv>\n         <!--  <a href=\"\">Editorial</a>\n          <a href=\"\">Contact Us</a> -->\n          \n        </nav>\n        \n      </div>\n      \n      <!--logo container -->\n      <div class=\"col-2 logo\">\n         <a href=\"https://otkstore.mybigcommerce.com/\">\n             <img src=\"{{cdn 'webdav:/husltnflow.jpg'}}\" style=\"max-height:100px;\" alt=\"logo\"></a> <!--https://via.placeholder.com/100 https://eddoj.github.io/images/logo.png end comment here --> \n      </div>\n        \n        <!-- navUser is from bigcommerce. It's needed for proper styling of the cart, and also for it's js functions -->\n      <div class=\"col-5 header-cols\">\n        <nav class=\"navbar-right navUser\">    \n          \n          {{> components/common/currency-selector}}\n          \n          <ul class=\"navUser-section navUser-section--alt\">\n            \n            {{#if customer.store_credit.value '>' 0}}\n            <li class=\"navUser-item\">\n                <a class=\"navUser-action navUser-action--storeCredit\"\n                   data-dropdown=\"storeCredit-dropdown\"\n                   data-options=\"align:bottom\"\n                   href=\"{{urls.cart}}\">\n                        <span class=\"navUser-action-divider\">{{lang 'common.store_credit_overview' credit=customer.store_credit.formatted}}</span>\n                </a>\n                <div class=\"dropdown-menu\" id=\"storeCredit-dropdown\" data-dropdown-content aria-hidden=\"true\">\n                    {{{lang 'common.store_credit' store_credit=customer.store_credit.formatted}}}\n                </div>\n            </li>\n            {{/if}}\n        <li class=\"navUser-item\">\n            &emsp;&emsp;&emsp;&emsp;&emsp;&emsp;&emsp;<a class=\"navUser-action navUser-action--quickSearch\" href=\"#\" data-search=\"quickSearch\" aria-controls=\"quickSearch\" aria-expanded=\"false\">&ensp;<i class=\"fa fa-search\" aria-hidden=\"true\"></i></a>\n        </li>\n        {{#if settings.gift_certificates_enabled}}\n            <li class=\"navUser-item\">\n                <a class=\"navUser-action\" href=\"{{urls.gift_certificate.purchase}}\">{{lang 'common.gift_cert'}}</a>\n            </li>\n        {{/if}}\n            <li class=\"navUser-item navUser-item--account\">\n                    <a class=\"navUser-action\" href=\"https://otkstore.mybigcommerce.com/account.php\">&ensp; <i class=\"fa fa-user-o\" ></i></a>\n                    <!-- https://otkstore.mybigcommerce.com/account.php {{urls.auth.login}}-->\n            </li>\n         \n        <li class=\"navUser-item navUser-item--cart\">\n            <a class=\"navUser-action\"\n               data-cart-preview\n               data-dropdown=\"cart-preview-dropdown\"\n               data-options=\"align:right\"\n               href=\"{{urls.cart}}\"\n               aria-label=\"{{lang 'cart.nav_aria_label'}}\"\n            >\n                <span class=\"navUser-item-cartLabel\">&ensp;<i class=\"fa fa-shopping-cart a-lg\" aria-hidden=\"true\"></i><!-- {{lang 'common.cart'}} --></span>\n                <span class=\"countPill cart-quantity\"></span>\n            </a>\n\n            <div class=\"dropdown-menu\" id=\"cart-preview-dropdown\" data-dropdown-content aria-hidden=\"true\"></div>\n        </li>\n    </ul>\n    <div class=\"dropdown dropdown--quickSearch\" id=\"quickSearch\" aria-hidden=\"true\" tabindex=\"-1\" data-prevent-quick-search-close>\n        {{> components/common/quick-search name='nav-quick-search'}}\n    </div>\n        \n        </nav>\n      </div>\n\n    </div>\n</header>\n\n<!-- \n<header class=\"header\" role=\"banner\">\n    <a href=\"#\" class=\"mobileMenu-toggle\" data-mobile-menu-toggle=\"menu\">\n        <span class=\"mobileMenu-toggleIcon\">Toggle menu</span>\n    </a>\n    {{> components/common/navigation}}\n\n    {{#if page_type '===' 'default'}}\n        <h1 class=\"header-logo header-logo--{{theme_settings.logo-position}}\">\n            {{> components/common/store-logo}}\n        </h1>\n    {{else}}\n        <div class=\"header-logo header-logo--{{theme_settings.logo-position}}\">\n            {{> components/common/store-logo}}\n        </div>\n    {{/if}}\n    <div class=\"navPages-container\" id=\"menu\" data-menu>\n        {{> components/common/navigation-menu}}\n    </div>\n</header> -->\n\n{{{region name=\"header_bottom--global\"}}}\n{{{region name=\"header_bottom\"}}}\n\n\n\n<div id=\"modalDisplay\">\n      <div class=\"modalPops\">\n          <div class=\"row margin-to-margin-section\">\n            <span id=\"closeIt\">X</span>\n            <div class=\"col-6 modalContentLeft\">\n              <h2>Curated Experience is comming soon!</h2>\n    \n                    <form>\n                      <input type=\"text\" placeholder=\"Enter Email Address\" />\n                      <button>Subscribe</button>\n                    </form>\n    \n                    <p>\n                      Sign up now to get notified when Curated Experience goes live! The first 100 hustlers who subscribe will receive an exclusive gift from us.\n                    </p> \n                <div class=\"shareIt\"><a href=\"https://www.instagram.com/hustlenflowellness/?igshid=gwitme71naiz\" target=\"_blank\">Let's Connect! <span><i class=\"fa fa-camera-retro fa-1x\"></i></span></a></div> \n            </div>\n            <div class=\"col-6 modalContentRight\">\n              <img src=\"https://eddoj.github.io/images/bottlesCBD-300x450.jpg\"/>\n            </div>\n          </div>\n      </div>\n    </div>",
  "components/common/body": "<div class=\"body\" id='main-content' data-currency-code=\"{{currency_selector.active_currency_code}}\">\n    {{#block \"hero\"}} {{/block}}\n    <div class=\"container\">\n        {{#block \"page\"}} {{/block}}\n    </div>\n    {{> components/common/modal/modal}}\n    {{> components/common/alert/alert-modal}}\n</div>\n",
  "components/common/footer": "{{#if banners.bottom}}\n    {{#if settings.data_tag_enabled}}\n        <div class=\"banners\" data-banner-location=\"bottom\">\n            {{#each (limit banners.bottom_metadata 1)}}\n                <div class=\"banner\" data-event-type=\"promotion\" data-entity-id=\"{{this.id}}\" data-name=\"{{this.banner-name}}\" data-position=\"{{this.location}}\" data-name=\"{{this.banner-name}}\">\n                    <div data-event-type=\"promotion-click\">\n                        {{{this.content}}}\n                    </div>\n                </div>\n            {{/each}}\n        </div>\n    {{else}}\n        <div class=\"banners\" data-banner-location=\"bottom\">\n            <div class=\"banner\">\n                {{{limit banners.bottom 1}}}\n            </div>\n        </div>\n    {{/if}}\n\n{{/if}}\n<footer class=\"footer\" role=\"contentinfo\">\n    <div class=\"container\">\n        \n        <!-- social media icon was here before -->\n        \n        <section class=\"footer-info\">\n            \n        {{#if theme_settings.social_icon_placement_bottom '!==' 'bottom_none'}}\n            <article  class=\"footer-info-col\n            footer-info-col--small\n                footer-info-col--{{#if theme_settings.social_icon_placement_bottom '===' 'bottom_left'}}left{{else}}right{{/if}}\"\n                data-section-type=\"footer-webPages\">\n                    <h5 class=\"footer-info-heading\">LETS CONNECT</h5> <!-- {{lang 'social.connect'}} -->\n                    {{> components/common/social-links}}\n            </article> <!--footer-info-col--social removed -->\n        {{/if}}\n            \n            <article class=\"footer-info-col footer-info-col--small\" data-section-type=\"footer-webPages\">\n                <h5 class=\"footer-info-heading\">FOOTER MENU</h5><!-- {{lang 'footer.navigate'}} -->\n                <ul class=\"footer-info-list\">\n                    {{#each pages}}\n                        <li>\n                            <a href=\"{{url}}\">{{name}}</a>\n                        </li>\n                    {{/each}}\n                    <li>\n                        <a href=\"{{urls.sitemap}}\">{{lang 'sitemap.page_title'}}</a>\n                    </li>\n                </ul>\n            </article>\n\n            <!--<article class=\"footer-info-col footer-info-col--small\" data-section-type=\"footer-categories\">\n                <h5 class=\"footer-info-heading\">CATEGORIES</h5> {{lang 'footer.categories'}}\n                <ul class=\"footer-info-list\">\n                    {{#each categories}}\n                        <li>\n                            <a href=\"{{url}}\">{{name}}</a>\n                        </li>\n                    {{/each}}\n                </ul>\n            </article> -->\n\n            {{#and theme_settings.shop_by_brand_show_footer shop_by_brand.length}}\n            <article  class=\"footer-info-col footer-info-col--small\" data-section-type=\"footer-brands\">\n                <h5 class=\"footer-info-heading\">COMPANY</h5><!-- {{lang 'footer.brands'}} -->\n                \n                <ul class=\"footer-info-list\">\n                        <li>\n                            <a href=\"#\">hustle + flo</a>\n                        </li>\n                        <li>\n                            <a href=\"#\">+1 (917) ‭‭‭584-4434</a>\n                        </li>\n                        <li>\n                            <a href=\"#\">jamie@hustlenflo.co</a>\n                        </li>\n                </ul>\n                \n            </article>\n            \n            <!-- <article  class=\"footer-info-col footer-info-col--small\" data-section-type=\"footer-brands\">\n                <h5 class=\"footer-info-heading\">BRANDS</h5>{{lang 'footer.brands'}}\n                <ul class=\"footer-info-list\">\n                    {{#each shop_by_brand}}\n                        <li>\n                            <a href=\"{{url}}\">{{name}}</a>\n                        </li>\n                    {{/each}}\n                    <li><a href=\"{{urls.brands}}\">{{lang 'common.view_all'}}</a></li>\n                </ul>\n            </article> -->\n            {{/and}}\n\n            {{#if settings.address}}\n            <article class=\"footer-info-col footer-info-col--small\" data-section-type=\"storeInfo\">\n                <h5 class=\"footer-info-heading\">{{lang 'footer.info'}}</h5>\n                <address>{{nl2br settings.address}}</address>\n                {{#if settings.phone_number}}\n                    <strong>{{lang 'footer.call_us' phone_number=settings.phone_number}}</strong>\n                {{/if}}\n            </article>\n            {{/if}}\n\n            <article class=\"footer-info-col\" data-section-type=\"newsletterSubscription\">\n                {{#if settings.show_newsletter_box}}\n                    {{> components/common/subscription-form}}\n                {{/if}}\n                {{> components/common/payment-icons}}\n            </article>\n            \n        </section>\n        {{#if theme_settings.geotrust_ssl_common_name}}\n            <div class=\"footer-geotrust-ssl-seal\">\n                {{> components/common/geotrust-ssl-seal}}\n            </div>\n        {{/if}}\n        {{#if theme_settings.show_powered_by}}\n            <div class=\"footer-copyright\" style=\"width:92% !important; padding-bottom:75px;\">\n\n                <!-- IMP: Disclaimer -->\n                <p ><h5>Disclaimer:</h5> \n                    This product is not for use by or sale to persons under the age of 18. This product should be used only as directed on the label. It should not be used if you are pregnant or nursing. Consult with a physician before use if you have a serious medical condition or use prescription medications. The statements made regarding these products have not been evaluated by the Food and Drug Administration. The efficacy of these products and the testimonials made have not been confirmed by FDA- approved research. These products are not intended to diagnose, treat, cure or prevent any disease. All information presented here is not meant as a substitute for or alternative to information from health care practitioners. Please consult your healthcare professional about potential interactions or other possible complications before using any product.<br/><br/>\n\n                    **Everything you read at hustlenflo.co, such as text, graphics, images, and other material, is for informational purposes only and does not constitute medical advice. Hustle + flo shall not be held liable for the medical claims made by customer testimonials.**\n                </p>\n\n                \n            </div>\n        {{/if}}\n        {{#if theme_settings.show_copyright_footer}}\n            <div class=\"footer-copyright col-12\" style=\"text-align:right; font-size:15px !important;\">\n                <p class=\"powered-by\">&copy; {{moment format=\"YYYY\"}} hustle + flo wellness \n                <!-- {{settings.store_name}} --></p>\n                <p class=\"powered-by\">{{lang 'footer.powered_by'}} <a href=\"https://www.bigcommerce.com?utm_source=merchant&amp;utm_medium=poweredbyBC\" rel=\"nofollow\">BigCommerce</a></p>\n            </div>\n\n        {{/if}}\n    </div>\n</footer>\n",
  "components/products/product-aria-label": "{{#and price.price_range (if theme_settings.price_ranges '==' true)}}\n{{#and price.price_range.min.with_tax price.price_range.max.with_tax}}\n{{lang 'category.shop_by_price_range_aria' from=price.price_range.min.with_tax.formatted to=price.price_range.max.with_tax.formatted}}\n{{else}}\n{{lang 'category.shop_by_price_range_aria' from=price.price_range.min.without_tax.formatted to=price.price_range.max.without_tax.formatted}}\n{{/and}}\n{{else}}\n{{#if price.with_tax}}\n{{#if price.non_sale_price_with_tax}}\n{{theme_settings.pdp-non-sale-price-label}}{{price.non_sale_price_with_tax.formatted}},\n{{theme_settings.pdp-sale-price-label}}{{price.with_tax.formatted}}\n{{else}}\n{{price.with_tax.formatted}}                        \n{{/if}}\n{{else}}\n{{#if price.non_sale_price_without_tax}}\n{{theme_settings.pdp-non-sale-price-label}}{{price.non_sale_price_without_tax.formatted}},\n{{theme_settings.pdp-sale-price-label}}{{price.without_tax.formatted}}\n{{else}}\n{{price.without_tax.formatted}}\n{{/if}}\n{{/if}}\n{{/and}}\n",
  "components/common/responsive-img": "{{!--\nThis file implements the lazysizes srcset pattern (as seen on\nhttps://github.com/aFarkas/lazysizes#modern-transparent-srcset-pattern) for maximum performance on modern browsers\nand reasonable compatibility with legacy browsers.\n\nThere are a few important arguments to know about when using this component:\n`lazyload`:\n    - If set to 'lazyload+lqip', will load a low-res image which will be replaced by lazysizes - ensuring that SOME\n    content is shown immediately on page load. Without LQIP, a transparent gif will be used instead, which reduces\n    the number of requests needed to load the page, making it even faster.\n    - If set to 'lazyload', the browser will not load the full-size image at first, instead the lazysizes plugin will\n        load it progressively after page load. This improves the load speed of the page, but it should be disabled for\n        high-priority above-the-fold images.\n    - If set to 'disabled', will not attempt to lazyload the image and instead tell the browser to load it immediately.\n        Use this for high-priority images that are above the fold.\n\n`fallback_size`:\n    This is the size to use for this image in legacy browsers that do not support srcset.\n    Can be defined as a pixel bounding-box size (e.g. \"123x123) or inherent width (e.g. \"123w\").\n\n`class`:\n    The CSS classes to add to the image, e.g. \"card-image\". If lazyloading is enabled, all images will have the\n    \"lazyload\" class so that lazysizes will target them automatically.\n\n`otherAttributes`:\n    Any other HTML attributes you want on the img tag, for example \"height='100' width='100'\"\n\n`default_image`:\n    The default image to use if `image` is undefined or falsy. Should be a theme asset, usually defined as a relative\n    path in the theme config. If a default image is not provided, you'll get an image tag with no image if the primary\n    image is undefined.\n\n`lqip_size`:\n    If you want to specify a particular size for the LQIP image, you can do so with this argument. A default of 80\n    pixels wide will be used otherwise. This argument has no effect if the lazyload mode is not \"lazyload+lqip\".\n\n--}}\n<img {{#if image}}{{!-- Get the default image for legacy browsers that do not support srcset\n--}}src=\"{{getImageSrcset image 1x=(default fallback_size '160w')}}\" alt=\"{{image.alt}}\" title=\"{{image.alt}}\" {{!--\n  Allow lazysizes to generate the 'sizes' attribute automatically --}}data-sizes=\"auto\"\n  {{#unless lazyload '==' 'disabled'}}\n    {{#if lazyload '==' 'lazyload+lqip'}}\n    {{!-- If we want a LQIP, include it as the default srcset (will be overwritten by lazysizes) --}}\n    srcset=\"{{getImageSrcset image 1x=(default lqip_size '80w')}}\"\n    {{else}}\n      {{!-- If we don't want a LQIP, use a 1px transparent gif for the stand-in image\n            This requires no additional network request, so it's fast --}}\n    srcset=\"data:image/gif;base64,R0lGODlhAQABAIAAAP///wAAACH5BAEAAAAALAAAAAABAAEAAAICRAEAOw==\"\n    {{/if}}\n{{/unless}}\n{{!-- If lazyloading is disabled, just use \"srcset\". If it is not disabled, use \"data-srcset\" so lazysizes will use\n      this after page load --}}\n{{!--\nGenerate the srcset string using the default sizes defined in the helper. This will allow the browser to\npick the best-sized image based on its own understanding of how it will render the page.\n--}}\n{{#unless lazyload '==' 'disabled'}}data-{{/unless}}srcset=\"{{getImageSrcset image use_default_sizes=true }}\"\n{{else if default_image}}src=\"{{cdn default_image}}\"{{/if}}\nclass=\"{{#unless lazyload '==' 'disabled'}}lazyload{{/unless}}{{#if class}} {{class}}{{/if}}\"\n{{#if lazyload '==' 'lazyload'}}loading=\"lazy\"{{/if}}\n{{otherAttributes}} />\n",
  "components/products/ratings": "{{#for 1 5}}\n    {{#if ../this.rating '>=' $index}}\n        <span class=\"icon icon--ratingFull\">\n            <svg>\n                <use xlink:href=\"#icon-star\" />\n            </svg>\n        </span>\n    {{else}}\n        <span class=\"icon icon--ratingEmpty\">\n            <svg>\n                <use xlink:href=\"#icon-star\" />\n            </svg>\n        </span>\n    {{/if}}\n{{/for}}\n",
  "components/products/price": "{{!-- There are 2 code paths for generating the PDP pricing HTML determined by the following #and condition. \nIf a 'price_range' exists then we generate all HTML in price-range.html, otherwise it is defined here. Both code\npaths generate the same HTML structure with some differences in whether that element is displayed by default (css styling).\n\nIf you are making a change here or in price-range.html, you probably want to make that change in both files. --}}\n\n{{#and price.price_range (if theme_settings.price_ranges '==' true)}}\n    {{> components/products/price-range price=price schema_org=schema_org}}\n{{else}}\n    {{#if price.with_tax}}\n        <div class=\"price-section price-section--withTax rrp-price--withTax\" {{#unless price.rrp_with_tax}}style=\"display: none;\"{{/unless}}>\n            {{theme_settings.pdp-retail-price-label}}\n            <span data-product-rrp-with-tax class=\"price price--rrp\">\n                {{price.rrp_with_tax.formatted}}\n            </span>\n        </div>\n        <div class=\"price-section price-section--withTax non-sale-price--withTax\" {{#unless price.non_sale_price_with_tax}}style=\"display: none;\"{{/unless}}>\n            {{theme_settings.pdp-non-sale-price-label}}\n            <span data-product-non-sale-price-with-tax class=\"price price--non-sale\">\n                {{price.non_sale_price_with_tax.formatted}}\n            </span>\n        </div>\n        <div class=\"price-section price-section--withTax\" {{#if schema_org}}itemprop=\"offers\" itemscope itemtype=\"http://schema.org/Offer\"{{/if}}>\n            <span class=\"price-label\" {{#if price.non_sale_price_with_tax}}style=\"display: none;\"{{/if}}>\n                {{theme_settings.pdp-price-label}}\n            </span>\n            <span class=\"price-now-label\" {{#unless price.non_sale_price_with_tax}}style=\"display: none;\"{{/unless}}>\n                {{theme_settings.pdp-sale-price-label}}\n            </span>\n            <span data-product-price-with-tax class=\"price price--withTax\">{{price.with_tax.formatted}}</span>\n            {{#if schema_org}}\n                <meta itemprop=\"availability\" itemtype=\"http://schema.org/ItemAvailability\" \n                \tcontent=\"http://schema.org/{{#if product.pre_order}}PreOrder{{else if product.out_of_stock}}OutOfStock{{else if product.can_purchase '===' false}}OutOfStock{{else}}InStock{{/if}}\">\n                <meta itemprop=\"itemCondition\" itemtype=\"http://schema.org/OfferItemCondition\" content=\"http://schema.org/{{product.condition}}Condition\">\n                <meta itemprop=\"priceCurrency\" content=\"{{currency_selector.active_currency_code}}\">\n                <meta itemprop=\"url\" content=\"{{product.url}}\">\n                <div itemprop=\"priceSpecification\" itemscope itemtype=\"http://schema.org/PriceSpecification\">\n                    <meta itemprop=\"price\" content=\"{{price.with_tax.value}}\">\n                    <meta itemprop=\"priceCurrency\" content=\"{{currency_selector.active_currency_code}}\">\n                    <meta itemprop=\"valueAddedTaxIncluded\" content=\"true\">\n                </div>\n            {{/if}}\n            {{#if price.without_tax}}\n                <abbr title=\"{{lang 'products.including_tax'}}\">{{lang 'products.price_with_tax' tax_label=price.tax_label}}</abbr>\n            {{/if}}\n        </div>\n    {{/if}}\n    {{#if price.without_tax}}\n        <div class=\"price-section price-section--withoutTax rrp-price--withoutTax{{#if price.with_tax}} price-section--minor{{/if}}\" {{#unless price.rrp_without_tax}}style=\"display: none;\"{{/unless}}>\n            {{theme_settings.pdp-retail-price-label}}\n            <span data-product-rrp-price-without-tax class=\"price price--rrp\"> \n                {{price.rrp_without_tax.formatted}}\n            </span>\n        </div>\n        <div class=\"price-section price-section--withoutTax non-sale-price--withoutTax{{#if price.with_tax}} price-section--minor{{/if}}\" {{#unless price.non_sale_price_without_tax}}style=\"display: none;\"{{/unless}}>\n            {{theme_settings.pdp-non-sale-price-label}}\n            <span data-product-non-sale-price-without-tax class=\"price price--non-sale\">\n                {{price.non_sale_price_without_tax.formatted}}\n            </span>\n        </div>\n        <div class=\"price-section price-section--withoutTax\" {{#if schema_org}}itemprop=\"offers\" itemscope itemtype=\"http://schema.org/Offer\"{{/if}}>\n            <span class=\"price-label\" {{#if price.non_sale_price_without_tax}}style=\"display: none;\"{{/if}}>\n                {{theme_settings.pdp-price-label}}\n            </span>\n            <span class=\"price-now-label\" {{#unless price.non_sale_price_without_tax}}style=\"display: none;\"{{/unless}}>\n                {{theme_settings.pdp-sale-price-label}}\n            </span>\n            <span data-product-price-without-tax class=\"price price--withoutTax{{#if price.with_tax}} price-section--minor{{/if}}\">{{price.without_tax.formatted}}</span>\n            {{#if schema_org}}\n                <meta itemprop=\"availability\" itemtype=\"http://schema.org/ItemAvailability\"\n                    content=\"http://schema.org/{{#if product.pre_order}}PreOrder{{else if product.out_of_stock}}OutOfStock{{else if product.can_purchase '===' false}}OutOfStock{{else}}InStock{{/if}}\">\n                <meta itemprop=\"itemCondition\" itemtype=\"http://schema.org/OfferItemCondition\" content=\"http://schema.org/{{product.condition}}Condition\">\n                <meta itemprop=\"priceCurrency\" content=\"{{currency_selector.active_currency_code}}\">\n                <meta itemprop=\"url\" content=\"{{product.url}}\">\n                <div itemprop=\"priceSpecification\" itemscope itemtype=\"http://schema.org/PriceSpecification\">\n                    <meta itemprop=\"price\" content=\"{{price.without_tax.value}}\">\n                    <meta itemprop=\"priceCurrency\" content=\"{{currency_selector.active_currency_code}}\">\n                    <meta itemprop=\"valueAddedTaxIncluded\" content=\"false\">\n                </div>\n            {{/if}}\n            {{#if price.with_tax}}\n                <abbr title=\"{{lang 'products.excluding_tax'}}\">{{lang 'products.price_without_tax' tax_label=price.tax_label}}</abbr>\n            {{/if}}\n        </div>\n    {{/if}}\n    {{#if page_type '===' 'product'}}\n         <div class=\"price-section price-section--saving price\" {{#unless price.saved}}style=\"display: none;\"{{/unless}}>\n                <span class=\"price\">{{lang 'products.you_save_opening_text'}}</span>\n                <span data-product-price-saved class=\"price price--saving\">\n                    {{price.saved.formatted}}\n                </span>\n                <span class=\"price\">{{lang 'products.you_save_closing_bracket'}}</span>\n         </div>\n    {{/if}}\n{{/and}}\n",
  "components/common/login-for-pricing": "<p translate>Log in for pricing</p>",
  "components/products/bulk-discount-rates": "{{#if bulk_discount_rates.length}}\n    {{#if product}}<dt class=\"productView-info-name\">{{lang 'products.bulk_pricing.title'}}</dt>{{/if}}\n    <dd class=\"productView-info-value\">\n        <a href=\"{{product.url}}#bulk_pricing\"\n           {{#unless is_ajax }}data-reveal-id=\"modal-bulk-pricing\"{{/unless}}>\n            {{lang 'products.bulk_pricing.view'}}\n        </a>\n    </dd>\n    <div id=\"modal-bulk-pricing\" class=\"modal modal--small\" data-reveal>\n        <div class=\"modal-header\">\n            <h2 class=\"modal-header-title\">{{lang 'products.bulk_pricing.modal_title'}}</h2>\n            {{> components/common/modal/modal-close-btn}}\n        </div>\n        <div class=\"modal-body\">\n            <p>{{lang 'products.bulk_pricing.instructions'}}</p>\n            <ul>\n                {{#each bulk_discount_rates}}\n                <li>\n                    {{lang 'products.bulk_pricing.range' min=min max=max}}\n                    {{#if type '===' 'percent'}}\n                    {{lang 'products.bulk_pricing.percent' discount=discount.formatted}}\n                    {{else if type '===' 'fixed'}}\n                    {{lang 'products.bulk_pricing.fixed' discount=discount.formatted}}\n                    {{else if type '===' 'price'}}\n                    {{lang 'products.bulk_pricing.price' discount=discount.formatted}}\n                    {{/if}}\n                </li>\n                {{/each}}\n            </ul>\n        </div>\n    </div>\n{{/if}}\n",
  "components/common/currency-selector": "{{#if currency_selector.currencies.length '>' 1}}\n<ul class=\"navUser-section\">\n    <li class=\"navUser-item\">\n        <a class=\"navUser-action navUser-action--currencySelector has-dropdown\"\n           href=\"#\"\n           data-dropdown=\"currencySelection\"\n           aria-controls=\"currencySelection\"\n           aria-expanded=\"false\"\n        >\n            {{lang 'common.currency' code=currency_selector.active_currency_code}}\n            <i class=\"icon\" aria-hidden=\"true\">\n                <svg>\n                    <use xlink:href=\"#icon-chevron-down\" />\n                </svg>\n            </i>\n        </a>\n        <ul class=\"dropdown-menu\" id=\"currencySelection\" data-dropdown-content aria-hidden=\"true\" tabindex=\"-1\">\n            {{#each currency_selector.currencies}}\n            <li class=\"dropdown-menu-item\">\n                <a href=\"{{{switch_url}}}\"\n                   data-currency-code=\"{{{code}}}\"\n                   {{#if cart_currency_switch_url.length '>' 0 }}\n                   data-cart-currency-switch-url=\"{{{cart_currency_switch_url}}}\"\n                   {{/if}}\n                   data-warning=\"{{lang 'common.currency_switch_promotion'}}\"\n                >\n                {{#if is_active}}\n                    <strong>{{name}}</strong>\n                {{else}}\n                    {{name}}\n                {{/if}}\n                </a>\n            </li>\n            {{/each}}\n        </ul>\n    </li>\n</ul>\n{{/if}}\n",
  "components/common/quick-search": "<div class=\"container\">\n    <form class=\"form\" onsubmit=\"return false\" data-url=\"{{urls.search}}\" data-quick-search-form>\n        <fieldset class=\"form-fieldset\">\n            <div class=\"form-field\">\n                <label class=\"is-srOnly\" for=\"{{name}}\">{{lang \"search.quick_search.input_label\"}}</label>\n                <input class=\"form-input\"\n                       data-search-quick\n                       name=\"{{name}}\"\n                       id=\"{{name}}\"\n                       data-error-message=\"{{lang 'search.error.empty_field'}}\"\n                       placeholder=\"{{lang 'search.quick_search.input_placeholder'}}\"\n                       autocomplete=\"off\"\n                >\n            </div>\n        </fieldset>\n    </form>\n    <section class=\"quickSearchResults\" data-bind=\"html: results\"></section>\n    <p role=\"status\"\n       aria-live=\"polite\"\n       class=\"aria-description--hidden\"\n       data-search-aria-message-predefined-text=\"{{{lang 'search.results.quick_count_live'}}}\"\n    ></p>\n</div>\n",
  "components/common/navigation": "<nav class=\"navUser\">\n    {{> components/common/currency-selector}}\n\n    <ul class=\"navUser-section navUser-section--alt\">\n        {{#if customer.store_credit.value '>' 0}}\n            <li class=\"navUser-item\">\n                <a class=\"navUser-action navUser-action--storeCredit\"\n                   data-dropdown=\"storeCredit-dropdown\"\n                   data-options=\"align:bottom\"\n                   href=\"{{urls.cart}}\"\n                   aria-label=\"{{lang 'common.store_credit_overview' credit=customer.store_credit.formatted}}\"\n                >\n                    <span class=\"navUser-action-divider\">\n                        {{lang 'common.store_credit_overview' credit=customer.store_credit.formatted}}\n                    </span>\n                </a>\n                <div class=\"dropdown-menu\" id=\"storeCredit-dropdown\" data-dropdown-content aria-hidden=\"true\">\n                    {{{lang 'common.store_credit' store_credit=customer.store_credit.formatted}}}\n                </div>\n            </li>\n        {{/if}}\n        <li class=\"navUser-item\">\n            <a class=\"navUser-action navUser-item--compare\"\n               href=\"{{urls.compare}}\"\n               data-compare-nav\n               aria-label=\"{{lang 'common.compare'}}\"\n            >\n                {{lang 'common.compare'}} <span class=\"countPill countPill--positive countPill--alt\"></span>\n            </a>\n        </li>\n        {{#if theme_settings.social_icon_placement_top}}\n            <li class=\"navUser-item navUser-item--social\">\n                {{> components/common/social-links}}\n            </li>\n            <li class=\"navUser-item navUser-item--divider\">|</li>\n        {{/if}}\n        <li class=\"navUser-item\">\n            <button class=\"navUser-action navUser-action--quickSearch\"\n               type=\"button\"\n               id=\"quick-search-expand\"\n               data-search=\"quickSearch\"\n               aria-controls=\"quickSearch\"\n               aria-label=\"{{lang 'common.search'}}\"\n            >\n                {{lang 'common.search'}}\n            </button>\n        </li>\n        {{#if settings.gift_certificates_enabled}}\n            <li class=\"navUser-item\">\n                <a class=\"navUser-action\"\n                   href=\"{{urls.gift_certificate.purchase}}\"\n                   aria-label=\"{{lang 'common.gift_cert'}}\"\n                >\n                    {{lang 'common.gift_cert'}}\n                </a>\n            </li>\n        {{/if}}\n        <li class=\"navUser-item navUser-item--account\">\n            {{#if customer}}\n                <a class=\"navUser-action\"\n                   href=\"{{urls.account.index}}\"\n                   aria-label=\"{{lang 'common.account'}}\"\n                >\n                    {{lang 'common.account'}}\n                </a>\n                <a class=\"navUser-action\"\n                   href=\"{{urls.auth.logout}}\"\n                   aria-label=\"{{lang 'common.logout'}}\"\n                >\n                    {{lang 'common.logout'}}\n                </a>\n            {{else}}\n                <a class=\"navUser-action\"\n                   href=\"{{urls.auth.login}}\"\n                   aria-label=\"{{lang 'common.login'}}\"\n                >\n                    {{lang 'common.login'}}\n                </a>\n                {{#if settings.account_creation_enabled}}\n                    <span class=\"navUser-or\">{{lang 'common.or'}}</span>\n                    <a class=\"navUser-action\"\n                       href=\"{{urls.auth.create_account}}\"\n                       aria-label=\"{{lang 'common.sign_up'}}\"\n                    >\n                        {{lang 'common.sign_up'}}\n                    </a>\n                {{/if}}\n            {{/if}}\n        </li>\n        <li class=\"navUser-item navUser-item--cart\">\n            <a class=\"navUser-action\"\n               data-cart-preview\n               data-dropdown=\"cart-preview-dropdown\"\n               data-options=\"align:right\"\n               href=\"{{urls.cart}}\"\n               aria-label=\"{{lang 'cart.nav_aria_label'}}\"\n            >\n                <span class=\"navUser-item-cartLabel\">{{lang 'common.cart'}}</span>\n                <span class=\"countPill cart-quantity\"></span>\n            </a>\n\n            <div class=\"dropdown-menu\" id=\"cart-preview-dropdown\" data-dropdown-content aria-hidden=\"true\"></div>\n        </li>\n    </ul>\n    <div class=\"dropdown dropdown--quickSearch\" id=\"quickSearch\" aria-hidden=\"true\" data-prevent-quick-search-close>\n        {{> components/common/quick-search name='nav-quick-search'}}\n    </div>\n</nav>\n",
  "components/common/store-logo": "<a href=\"{{urls.home}}\" class=\"header-logo__link\">\n    {{#if settings.store_logo.image}}\n        {{#if theme_settings.logo_size '===' 'original'}}\n            <img class=\"header-logo-image-unknown-size\" src=\"{{getImage settings.store_logo.image 'logo_size'}}\" alt=\"{{settings.store_logo.title}}\" title=\"{{settings.store_logo.title}}\">\n        {{else}}\n            <div class=\"header-logo-image-container\">\n                <img class=\"header-logo-image\" src=\"{{getImage settings.store_logo.image 'logo_size'}}\" alt=\"{{settings.store_logo.title}}\" title=\"{{settings.store_logo.title}}\">\n            </div>\n        {{/if}}\n    {{else}}\n        <span class=\"header-logo-text\">{{settings.store_logo.title}}</span>\n    {{/if}}\n</a>\n",
  "components/common/navigation-menu": "<nav class=\"navPages\">\n    <div class=\"navPages-quickSearch\">\n        {{> components/common/quick-search name='nav-menu-quick-search'}}\n    </div>\n    <ul class=\"navPages-list{{#if theme_settings.navigation_design '!==' 'simple'}} navPages-list-depth-max{{/if}}\">\n        {{#each categories}}\n            <li class=\"navPages-item\">\n            {{#if ../theme_settings.navigation_design '===' 'simple'}}\n                {{> components/common/navigation-list}}\n            {{/if}}\n            {{#if ../theme_settings.navigation_design '===' 'alternate'}}\n                {{> components/common/navigation-list-alternate}}\n            {{/if}}\n            </li>\n        {{/each}}\n        {{#unless theme_settings.hide_content_navigation}}\n            {{#each pages}}\n                 <li class=\"navPages-item navPages-item-page\">\n                     <a class=\"navPages-action{{#if name '==' ../page.title}} activePage{{/if}}\"\n                        href=\"{{url}}\"\n                        aria-label=\"{{name}}\"\n                     >\n                         {{name}}\n                     </a>\n                 </li>\n             {{/each}}\n        {{/unless}}\n    </ul>\n    <ul class=\"navPages-list navPages-list--user\">\n        {{#if currency_selector.currencies.length '>' 1}}\n            <li class=\"navPages-item\">\n                <a class=\"navPages-action has-subMenu\"\n                   href=\"#\"\n                   data-collapsible=\"navPages-currency\"\n                   aria-controls=\"navPages-currency\"\n                   aria-expanded=\"false\"\n                   aria-label=\"{{lang 'common.currency' code=currency_selector.active_currency_code}}\"\n                >\n                    {{lang 'common.currency' code=currency_selector.active_currency_code}}\n                    <i class=\"icon navPages-action-moreIcon\" aria-hidden=\"true\">\n                        <svg>\n                            <use xmlns:xlink=\"http://www.w3.org/1999/xlink\" xlink:href=\"#icon-chevron-down\"></use>\n                        </svg>\n                    </i>\n                </a>\n                <div class=\"navPage-subMenu\" id=\"navPages-currency\" aria-hidden=\"true\" tabindex=\"-1\">\n                    <ul class=\"navPage-subMenu-list\">\n                        {{#each currency_selector.currencies}}\n                        <li class=\"navPage-subMenu-item\">\n                            <a class=\"navPage-subMenu-action navPages-action\"\n                               href=\"{{{switch_url}}}\"\n                               aria-label=\"{{name}}\"\n                               data-currency-code=\"{{{code}}}\"\n                               {{#if cart_currency_switch_url.length '>' 0 }}\n                               data-cart-currency-switch-url=\"{{{cart_currency_switch_url}}}\"\n                               {{/if}}\n                               data-warning=\"{{lang 'common.currency_switch_promotion'}}\"\n                            >\n                                {{#if is_active}}\n                                    <strong>{{name}}</strong>\n                                {{else}}\n                                    {{name}}\n                                {{/if}}\n                            </a>\n                        </li>\n                        {{/each}}\n                    </ul>\n                </div>\n            </li>\n        {{/if}}\n        {{#if settings.gift_certificates_enabled}}\n            <li class=\"navPages-item\">\n                <a class=\"navPages-action\"\n                   href=\"{{urls.gift_certificate.purchase}}\"\n                   aria-label=\"{{lang 'common.gift_cert'}}\"\n                >\n                    {{lang 'common.gift_cert'}}\n                </a>\n            </li>\n        {{/if}}\n        {{#if customer.store_credit.value '>' 0}}\n            <li class=\"navPages-item\">\n                <a class=\"navPages-action navPages-action--storeCredit\">\n                    {{lang 'common.store_credit_overview' credit=customer.store_credit.formatted}}\n                </a>\n            </li>\n        {{/if}}\n        {{#if theme_settings.product_list_display_mode '==' 'list'}}\n            <li class=\"navPages-item\">\n                <a class=\"navPages-action navPages-action--compare\"\n                   href=\"{{urls.compare}}\"\n                   data-compare-nav\n                   aria-label=\"{{lang 'common.compare'}}\"\n                >\n                    {{lang 'common.compare'}}\n                    <span class=\"countPill countPill--positive countPill--alt\"></span>\n                </a>\n            </li>\n        {{/if}}\n        {{#if customer}}\n            <li class=\"navPages-item\">\n                <a class=\"navPages-action has-subMenu\"\n                   href=\"{{urls.account.index}}\"\n                   data-collapsible=\"navPages-account\"\n                   aria-label=\"{{lang 'common.account'}}\"\n                >\n                    {{lang 'common.account'}}\n                    <i class=\"icon navPages-action-moreIcon\" aria-hidden=\"true\">\n                        <svg><use xlink:href=\"#icon-chevron-down\" /></svg>\n                    </i>\n                </a>\n                <div class=\"navPage-subMenu\" id=\"navPages-account\" aria-hidden=\"true\" tabindex=\"-1\">\n                    <ul class=\"navPage-subMenu-list\">\n                        <li class=\"navPage-subMenu-item\">\n                            <a class=\"navPage-subMenu-action navPages-action\"\n                               href=\"{{urls.account.orders.all}}\"\n                               aria-label=\"{{lang 'account.nav.orders'}}\"\n                            >\n                                {{lang 'account.nav.orders'}}\n                            </a>\n                        </li>\n                        {{#if settings.returns_enabled}}\n                            <li class=\"navPage-subMenu-item\">\n                                <a class=\"navPage-subMenu-action navPages-action\"\n                                   href=\"{{urls.account.returns}}\"\n                                   aria-label=\"{{lang 'account.nav.returns'}}\"\n                                >\n                                    {{lang 'account.nav.returns'}}\n                                </a>\n                            </li>\n                        {{/if}}\n                        <li class=\"navPage-subMenu-item\">\n                            <a class=\"navPage-subMenu-action navPages-action\"\n                               href=\"{{urls.account.inbox}}\"\n                               aria-label=\"{{lang 'account.mobile_nav.messages'}}\"\n                            >\n                                {{lang 'account.mobile_nav.messages'}}\n                            </a>\n                        </li>\n                        <li class=\"navPage-subMenu-item\">\n                            <a class=\"navPage-subMenu-action navPages-action\"\n                               href=\"{{urls.account.addresses}}\"\n                               aria-label=\"{{lang 'account.nav.addresses'}}\"\n                            >\n                                {{lang 'account.nav.addresses'}}\n                            </a>\n                        </li>\n                        {{#if settings.show_payment_methods}}\n                            <li class=\"navPage-subMenu-item\">\n                                <a class=\"navPage-subMenu-action navPages-action\"\n                                   href=\"{{urls.account.payment_methods.all}}\"\n                                   aria-label=\"{{lang 'account.nav.payment_methods'}}\"\n                                >\n                                    {{lang 'account.nav.payment_methods'}}\n                                </a>\n                            </li>\n                        {{/if}}\n                        <li class=\"navPage-subMenu-item\">\n                            <a class=\"navPage-subMenu-action navPages-action\"\n                               href=\"{{urls.account.wishlists.all}}\"\n                               aria-label=\"{{lang 'account.mobile_nav.wishlists'}}\"\n                            >\n                                {{lang 'account.mobile_nav.wishlists'}}\n                            </a>\n                        </li>\n                        <li class=\"navPage-subMenu-item\">\n                            <a class=\"navPage-subMenu-action navPages-action\"\n                               href=\"{{urls.account.recent_items}}\"\n                               aria-label=\"{{lang 'account.nav.recently_viewed'}}\"\n                            >\n                                {{lang 'account.nav.recently_viewed'}}\n                            </a>\n                        </li>\n                        <li class=\"navPage-subMenu-item\">\n                            <a class=\"navPage-subMenu-action navPages-action\"\n                               href=\"{{urls.account.details}}\"\n                               aria-label=\"{{lang 'account.nav.settings'}}\"\n                            >\n                                {{lang 'account.nav.settings'}}\n                            </a>\n                        </li>\n                    </ul>\n                </div>\n            </li>\n            <li class=\"navPages-item\">\n                <a class=\"navPages-action\"\n                   href=\"{{urls.auth.logout}}\"\n                   aria-label=\"{{lang 'common.logout'}}\"\n                >\n                    {{lang 'common.logout'}}\n                </a>\n            </li>\n        {{else}}\n            <li class=\"navPages-item\">\n                <a class=\"navPages-action\"\n                   href=\"{{urls.auth.login}}\"\n                   aria-label=\"{{lang 'common.login'}}\"\n                >\n                    {{lang 'common.login'}}\n                </a>\n                {{#if settings.account_creation_enabled}}\n                    {{lang 'common.or'}}\n                    <a class=\"navPages-action\"\n                       href=\"{{urls.auth.create_account}}\"\n                       aria-label=\"{{lang 'common.sign_up'}}\"\n                    >\n                        {{lang 'common.sign_up'}}\n                    </a>\n                {{/if}}\n            </li>\n        {{/if}}\n        {{#if theme_settings.social_icon_placement_top}}\n            <li class=\"navPages-item\">\n                {{> components/common/social-links}}\n            </li>\n        {{/if}}\n    </ul>\n</nav>\n",
  "components/common/modal/modal": "<div id=\"modal\" class=\"modal\" data-reveal data-prevent-quick-search-close>\n    {{> components/common/modal/modal-close-btn}}\n    <div class=\"modal-content\"></div>\n    <div class=\"loadingOverlay\"></div>\n</div>\n",
  "components/common/alert/alert-modal": "<div id=\"alert-modal\" class=\"modal modal--alert modal--small\" data-reveal data-prevent-quick-search-close>\n    <div class=\"swal2-icon swal2-error swal2-icon-show\"><span class=\"swal2-x-mark\"><span class=\"swal2-x-mark-line-left\"></span><span class=\"swal2-x-mark-line-right\"></span></span></div>\n\n    <div class=\"modal-content\"></div>\n\n    <div class=\"button-container\"><button type=\"button\" class=\"confirm button\" data-reveal-close>OK</button></div>\n</div>\n",
  "components/common/social-links": "{{#if social_media}}\n    <ul class=\"socialLinks socialLinks--alt\">\n        {{#each social_media}}\n            <li class=\"socialLinks-item\">\n                <a class=\"icon icon--{{display_name}}\" href=\"{{url}}\" target=\"_blank\" rel=\"noopener\">\n                    <svg><use xlink:href=\"#icon-{{display_name}}\" /></svg>\n                </a>\n            </li>\n        {{/each}}\n    </ul>\n{{/if}}\n",
  "components/common/subscription-form": "<h5 class=\"footer-info-heading\">SUBSCRIBE AND SAVE!</h5>\n<!-- {{lang 'newsletter.subscribe'}} -->\n<p>{{lang 'newsletter.subscribe_intro'}}</p>\n\n<form class=\"form\" action=\"{{urls.subscribe.action}}\" method=\"post\">\n    <fieldset class=\"form-fieldset\">\n        <input type=\"hidden\" name=\"action\" value=\"subscribe\">\n        <input type=\"hidden\" name=\"nl_first_name\" value=\"bc\">\n        <input type=\"hidden\" name=\"check\" value=\"1\">\n        <div class=\"form-field\">\n            <label class=\"form-label is-srOnly\" for=\"nl_email\">{{lang 'common.email_address'}}</label>\n            <div class=\"form-prefixPostfix wrap\">\n                <input class=\"form-input\"\n                       id=\"nl_email\"\n                       name=\"nl_email\"\n                       type=\"email\"\n                       value=\"{{customer.email}}\"\n                       placeholder=\"{{lang 'newsletter.email_placeholder'}}\"\n                       aria-describedby=\"alertBox-message-text\"\n                >\n                <input style=\"background-color: transparent !important; border:1px solid white !important;\" class=\"button button--primary form-prefixPostfix-button--postfix\"\n                       type=\"submit\"\n                       value=\"{{lang 'newsletter.subscribe_submit'}}\"\n                >\n            </div>\n            {{#if settings.show_newsletter_summary }}\n                <div class=\"footer-newsletter-summary\">{{settings.newsletter_summary}}</div>\n            {{/if}}\n        </div>\n    </fieldset>\n</form>\n",
  "components/common/payment-icons": "{{#with theme_settings}}\n    {{#or show_accept_amex show_accept_discover show_accept_mastercard show_accept_paypal show_accept_visa show_accept_amazonpay show_accept_googlepay show_accept_klarna}}\n    <div class=\"footer-payment-icons\">\n        {{#if show_accept_amex}}\n        <svg class=\"footer-payment-icon\"><use xlink:href=\"#icon-logo-american-express\"></use></svg>\n        {{/if}}\n        {{#if show_accept_discover}}\n        <svg class=\"footer-payment-icon\"><use xlink:href=\"#icon-logo-discover\"></use></svg>\n        {{/if}}\n        {{#if show_accept_mastercard}}\n        <svg class=\"footer-payment-icon\"><use xlink:href=\"#icon-logo-mastercard\"></use></svg>\n        {{/if}}\n        {{#if show_accept_paypal}}\n        <svg class=\"footer-payment-icon\"><use xlink:href=\"#icon-logo-paypal\"></use></svg>\n        {{/if}}\n        {{#if show_accept_visa}}\n        <svg class=\"footer-payment-icon\"><use xlink:href=\"#icon-logo-visa\"></use></svg>\n        {{/if}}\n        {{#if show_accept_amazonpay}}\n        <svg class=\"footer-payment-icon\"><use xlink:href=\"#icon-logo-amazonpay\"></use></svg>\n        {{/if}}\n        {{#if show_accept_googlepay}}\n        <svg class=\"footer-payment-icon\"><use xlink:href=\"#icon-logo-googlepay\"></use></svg>\n        {{/if}}\n        {{#if show_accept_klarna}}\n        <svg class=\"footer-payment-icon\"><use xlink:href=\"#icon-logo-klarna\"></use></svg>\n        {{/if}}\n    </div>\n    {{/or}}\n{{/with}}\n",
  "components/common/geotrust-ssl-seal": "<table width=\"135\" border=\"0\" cellpadding=\"2\" cellspacing=\"0\" title=\"Click to Verify - This site chose GeoTrust SSL for secure e-commerce and confidential communications.\">\n    <tr>\n        <td width=\"135\" align=\"center\" valign=\"top\">\n            <script type=\"text/javascript\" src=\"https://seal.geotrust.com/getgeotrustsslseal?host_name={{theme_settings.geotrust_ssl_common_name}}&amp;size={{theme_settings.geotrust_ssl_seal_size}}&amp;lang={{locale_name}}\"></script><br />\n            <a href=\"http://www.geotrust.com/ssl/\" target=\"_blank\"  style=\"color:#000000; text-decoration:none; font:bold 7px verdana,sans-serif; letter-spacing:.5px; text-align:center; margin:0px; padding:0px;\"></a>\n        </td>\n    </tr>\n</table>\n",
  "components/products/price-range": "{{#and price.retail_price_range.min.with_tax price.retail_price_range.max.with_tax}}\n    <div class=\"price-section price-section--withTax rrp-price--withTax\">\n        {{theme_settings.pdp-retail-price-label}}\n        <span data-product-rrp-price-with-tax class=\"price price--rrp\">{{price.retail_price_range.min.with_tax.formatted}} - {{price.retail_price_range.max.with_tax.formatted}}</span>\n    </div>\n{{else}}\n    {{#if price.with_tax}}\n        <div class=\"price-section price-section--withTax rrp-price--withTax\" style=\"display: none;\">\n            {{theme_settings.pdp-retail-price-label}}\n            <span data-product-rrp-with-tax class=\"price price--rrp\">\n                {{price.rrp_with_tax.formatted}}\n            </span>\n        </div>\n    {{/if}}\n{{/and}}\n{{#and price.price_range.min.with_tax price.price_range.max.with_tax}}\n    {{!-- Never display the \"non-sales price\" if there is a price range to be shown, but we do want the element on the page --}}\n    <div class=\"price-section price-section--withTax non-sale-price--withTax\" style=\"display: none;\">\n        {{theme_settings.pdp-non-sale-price-label}}\n        <span data-product-non-sale-price-with-tax class=\"price price--non-sale\">\n            {{price.non_sale_price_with_tax.formatted}}\n        </span>\n    </div>\n    <div class=\"price-section price-section--withTax\" {{#if schema_org}}itemprop=\"offers\" itemscope itemtype=\"http://schema.org/Offer\"{{/if}}>\n        <span class=\"price-label\">{{theme_settings.pdp-price-label}}</span>\n        <span class=\"price-now-label\" style=\"display: none;\">{{theme_settings.pdp-sale-price-label}}</span>\n        <span data-product-price-with-tax class=\"price price--withTax\">{{price.price_range.min.with_tax.formatted}} - {{price.price_range.max.with_tax.formatted}}</span>\n        {{#and price.price_range.min.without_tax price.price_range.max.without_tax}}\n            <abbr title=\"{{lang 'products.including_tax'}}\">{{lang 'products.price_with_tax' tax_label=price.price_range.min.tax_label}}</abbr>\n        {{/and}}\n        {{#if schema_org}}\n            <meta itemprop=\"availability\" itemtype=\"http://schema.org/ItemAvailability\"\n                    content=\"http://schema.org/{{#if product.pre_order}}PreOrder{{else if product.out_of_stock}}OutOfStock{{else if product.can_purchase '===' false}}OutOfStock{{else}}InStock{{/if}}\">\n            <meta itemprop=\"itemCondition\" itemtype=\"http://schema.org/OfferItemCondition\" content=\"http://schema.org/{{product.condition}}Condition\">\n            <meta itemprop=\"priceCurrency\" content=\"{{currency_selector.active_currency_code}}\">\n            <meta itemprop=\"url\" content=\"{{product.url}}\">\n            <div itemprop=\"priceSpecification\" itemscope itemtype=\"http://schema.org/PriceSpecification\">\n                <meta itemprop=\"minPrice\" content=\"{{price_range.min.with_tax.value}}\"  />\n                <meta itemprop=\"price\" content=\"{{price_range.min.with_tax.value}}\">\n                <meta itemprop=\"maxPrice\" content=\"{{price_range.max.with_tax.value}}\"  />\n                <meta itemprop=\"priceCurrency\" content=\"{{currency_selector.active_currency_code}}\">\n                <meta itemprop=\"valueAddedTaxIncluded\" content=\"true\">\n            </div>\n        {{/if}}\n    </div>\n{{/and}}\n{{#and price.retail_price_range.min.without_tax price.retail_price_range.max.without_tax}}\n    <div class=\"price-section price-section--withoutTax rrp-price--withoutTax{{#if price.with_tax}} price-section--minor{{/if}}\">\n        {{theme_settings.pdp-retail-price-label}}\n        <span data-product-rrp-price-without-tax class=\"price price--rrp\">{{price.retail_price_range.min.without_tax.formatted}} - {{price.retail_price_range.max.without_tax.formatted}}</span>\n    </div>\n{{else}}\n    {{#if price.without_tax}}\n        <div class=\"price-section price-section--withoutTax rrp-price--withoutTax{{#if price.with_tax}} price-section--minor{{/if}}\" style=\"display: none;\">\n            {{theme_settings.pdp-retail-price-label}}\n            <span data-product-rrp-price-without-tax class=\"price price--rrp\">\n                {{price.rrp_without_tax.formatted}}\n            </span>\n        </div>\n    {{/if}}\n{{/and}}\n{{#and price.price_range.min.without_tax price.price_range.max.without_tax}}\n    {{!-- Never display the \"non-sales price\" if there is a price range to be shown, but we do want the element on the page --}}\n    <div class=\"price-section price-section--withoutTax non-sale-price--withoutTax{{#if price.with_tax}} price-section--minor{{/if}}\" style=\"display: none;\">\n        {{theme_settings.pdp-non-sale-price-label}}\n        <span data-product-non-sale-price-without-tax class=\"price price--non-sale\">\n            {{price.non_sale_price_without_tax.formatted}}\n        </span>\n    </div>\n    <div class=\"price-section price-section--withoutTax{{#and price_range.min.with_tax price_range.max.with_tax}} price-section--minor{{/and}}\" {{#if schema_org}}itemprop=\"offers\" itemscope itemtype=\"http://schema.org/Offer\"{{/if}}>\n        <span class=\"price-label\">{{theme_settings.pdp-price-label}}</span>\n        <span class=\"price-now-label\" style=\"display: none;\">{{theme_settings.pdp-sale-price-label}}</span>\n        <span data-product-price-without-tax class=\"price price--withoutTax\">{{price.price_range.min.without_tax.formatted}} - {{price.price_range.max.without_tax.formatted}}</span>\n        {{#and price.price_range.min.with_tax price.price_range.max.with_tax}}\n            <abbr title=\"{{lang 'products.excluding_tax'}}\">{{lang 'products.price_without_tax' tax_label=price.price_range.min.tax_label}}</abbr>\n        {{/and}}\n        {{#if schema_org}}\n            <meta itemprop=\"availability\" itemtype=\"http://schema.org/ItemAvailability\"\n                    content=\"http://schema.org/{{#if product.pre_order}}PreOrder{{else if product.out_of_stock}}OutOfStock{{else if product.can_purchase '===' false}}OutOfStock{{else}}InStock{{/if}}\">\n            <meta itemprop=\"itemCondition\" itemtype=\"http://schema.org/OfferItemCondition\" content=\"http://schema.org/{{product.condition}}Condition\">\n            <meta itemprop=\"priceCurrency\" content=\"{{currency_selector.active_currency_code}}\">\n            <meta itemprop=\"url\" content=\"{{product.url}}\">\n            <div itemprop=\"priceSpecification\" itemscope itemtype=\"http://schema.org/PriceSpecification\">\n                <meta itemprop=\"minPrice\" content=\"{{price.price_range.min.without_tax.value}}\"  />\n                <meta itemprop=\"price\" content=\"{{price.price_range.min.without_tax.value}}\">\n                <meta itemprop=\"maxPrice\" content=\"{{price.price_range.max.without_tax.value}}\"  />\n                <meta itemprop=\"priceCurrency\" content=\"{{currency_selector.active_currency_code}}\">\n                <meta itemprop=\"valueAddedTaxIncluded\" content=\"false\">\n            </div>\n        {{/if}}\n    </div>\n{{/and}}\n\n{{!-- Never display the \"saving price\" element by default if there is a price range on the page to be shown --}}\n{{#if page_type '===' 'product'}}\n     <div class=\"price-section price-section--saving price\" style=\"display: none;\">\n            <span class=\"price\">{{lang 'products.you_save_opening_text'}}</span>\n            <span data-product-price-saved class=\"price price--saving\">\n                {{price.saved.formatted}}\n            </span>\n            <span class=\"price\">{{lang 'products.you_save_closing_bracket'}}</span>\n     </div>\n{{/if}}\n",
  "components/common/modal/modal-close-btn": "<button class=\"modal-close\"\n        type=\"button\"\n        title=\"{{lang 'common.close'}}\"\n        {{additional_attr}}\n>\n    <span class=\"aria-description--hidden\">{{lang 'common.close'}}</span>\n    <span aria-hidden=\"true\">&#215;</span>\n</button>\n",
  "components/common/navigation-list": "{{#if children}}\n<a class=\"navPages-action has-subMenu{{#if is_active}} activePage{{/if}}\"\n   href=\"{{url}}\"\n   data-collapsible=\"navPages-{{id}}\"\n>\n    {{name}}\n    <i class=\"icon navPages-action-moreIcon\" aria-hidden=\"true\">\n        <svg><use xlink:href=\"#icon-chevron-down\" /></svg>\n    </i>\n</a>\n<div class=\"navPage-subMenu\" id=\"navPages-{{id}}\" aria-hidden=\"true\" tabindex=\"-1\">\n    <ul class=\"navPage-subMenu-list\">\n        <li class=\"navPage-subMenu-item\">\n            <a class=\"navPage-subMenu-action navPages-action\"\n               href=\"{{url}}\"\n               aria-label=\"{{lang 'category.view_all.name' category=name}}\"\n            >\n                {{lang 'category.view_all.name' category=name}}\n            </a>\n        </li>\n        {{#each children}}\n            <li class=\"navPage-subMenu-item\">\n                {{#if children}}\n                    <a class=\"navPage-subMenu-action navPages-action has-subMenu{{#if is_active}} activePage{{/if}}\"\n                       href=\"{{url}}\"\n                       aria-label=\"{{name}}\"\n                    >\n                        {{name}}\n                        <span class=\"collapsible-icon-wrapper\"\n                            data-collapsible=\"navPages-{{id}}\"\n                            data-collapsible-disabled-breakpoint=\"medium\"\n                            data-collapsible-disabled-state=\"open\"\n                            data-collapsible-enabled-state=\"closed\"\n                        >\n                            <i class=\"icon navPages-action-moreIcon\" aria-hidden=\"true\">\n                                <svg><use xlink:href=\"#icon-chevron-down\" /></svg>\n                            </i>\n                        </span>\n                    </a>\n                    <ul class=\"navPage-childList\" id=\"navPages-{{id}}\">\n                        {{#each children}}\n                        <li class=\"navPage-childList-item\">\n                            <a class=\"navPage-childList-action navPages-action{{#if is_active}} activePage{{/if}}\"\n                               href=\"{{url}}\"\n                               aria-label=\"{{name}}\"\n                            >\n                                {{name}}\n                            </a>\n                        </li>\n                        {{/each}}\n                    </ul>\n                {{else}}\n                    <a class=\"navPage-subMenu-action navPages-action{{#if is_active}} activePage{{/if}}\"\n                       href=\"{{url}}\"\n                       aria-label=\"{{name}}\"\n                    >\n                        {{name}}\n                    </a>\n                {{/if}}\n            </li>\n        {{/each}}\n    </ul>\n</div>\n{{else}}\n<a class=\"navPages-action{{#if is_active}} activePage{{/if}}\"\n   href=\"{{url}}\"\n   aria-label=\"{{name}}\"\n>\n    {{name}}\n</a>\n{{/if}}\n",
  "components/common/navigation-list-alternate": "{{#if children}}\n    <a class=\"navPages-action navPages-action-depth-max has-subMenu is-root{{#if is_active}} activePage{{/if}}\"\n       href=\"{{url}}\"\n       data-collapsible=\"navPages-{{id}}\"\n       aria-label=\"{{name}}\"\n    >\n        {{name}}\n        <i class=\"icon navPages-action-moreIcon\" aria-hidden=\"true\">\n            <svg><use xlink:href=\"#icon-chevron-down\" /></svg>\n        </i>\n    </a>\n    {{> components/common/navigation-dropdown}}\n{{else}}\n    <a class=\"navPages-action{{#if is_active}} activePage{{/if}}\"\n       href=\"{{url}}\"\n       aria-label=\"{{name}}\"\n    >\n        {{name}}\n    </a>\n{{/if}}\n",
  "components/common/navigation-dropdown": "<div class=\"navPage-subMenu navPage-subMenu-horizontal\" id=\"navPages-{{id}}\" aria-hidden=\"true\" tabindex=\"-1\">\n    <ul class=\"navPage-subMenu-list\">\n        <li class=\"navPage-subMenu-item-parent\">\n            <a class=\"navPage-subMenu-action navPages-action navPages-action-depth-max\" href=\"{{url}}\">{{lang 'category.view_all.name' category=name}}</a>\n        </li>\n        {{#each children}}\n            <li class=\"navPage-subMenu-item-child\">\n                {{#if children}}\n                    <a class=\"navPage-subMenu-action navPages-action navPages-action-depth-max has-subMenu{{#if is_active}} activePage{{/if}}\" href=\"{{url}}\" data-collapsible=\"navPages-{{id}}\">\n                        {{name}}<i class=\"icon navPages-action-moreIcon\" aria-hidden=\"true\"><svg><use xlink:href=\"#icon-chevron-down\" /></svg></i>\n                    </a>\n                    {{> components/common/navigation-dropdown}}\n                {{else}}\n                    <a class=\"navPage-subMenu-action navPages-action{{#if is_active}} activePage{{/if}}\" href=\"{{url}}\">{{name}}</a>\n                {{/if}}\n            </li>\n        {{/each}}\n    </ul>\n</div>\n"
}